Target;Target_Namespace;Target_Type;Target_Method;Job_Id;Job_AnalyzeLaunchVariance;Job_EvaluateOverhead;Job_MaxAbsoluteError;Job_MaxRelativeError;Job_MinInvokeCount;Job_MinIterationTime;Job_OutlierMode;Job_Affinity;Job_EnvironmentVariables;Job_Jit;Job_Platform;Job_PowerPlanMode;Job_Runtime;Job_AllowVeryLargeObjects;Job_Concurrent;Job_CpuGroups;Job_Force;Job_HeapAffinitizeMask;Job_HeapCount;Job_NoAffinitize;Job_RetainVm;Job_Server;Job_Arguments;Job_BuildConfiguration;Job_Clock;Job_EngineFactory;Job_NuGetReferences;Job_Toolchain;Job_IsMutator;Job_InvocationCount;Job_IterationCount;Job_IterationTime;Job_LaunchCount;Job_MaxIterationCount;Job_MaxWarmupIterationCount;Job_MemoryRandomization;Job_MinIterationCount;Job_MinWarmupIterationCount;Job_RunStrategy;Job_UnrollFactor;Job_WarmupCount;Job_Display;Params;Measurement_LaunchIndex;Measurement_IterationMode;Measurement_IterationStage;Measurement_IterationIndex;Measurement_Nanoseconds;Measurement_Operations;Measurement_Value;Gen_0;Gen_1;Gen_2;Allocated_Bytes
Benchy.CopyWriteFlow;;Benchy;CopyWriteFlow;ShortRun;Default;Default;Default;Default;Default;Default;Default;Default;Default;Default;Default;Default;Default;Default;Default;Default;Default;Default;Default;Default;Default;Default;Default;Default;Default;Default;Default;Default;Default;Default;3;Default;1;Default;Default;Default;Default;Default;Default;Default;3;"ShortRun(IterationCount=3, LaunchCount=1, WarmupCount=3)";Mbs=10;1;Overhead;Jitting;1;207000;1;207000;0;0;0;1024
Benchy.CopyWriteFlow;;Benchy;CopyWriteFlow;ShortRun;Default;Default;Default;Default;Default;Default;Default;Default;Default;Default;Default;Default;Default;Default;Default;Default;Default;Default;Default;Default;Default;Default;Default;Default;Default;Default;Default;Default;Default;Default;3;Default;1;Default;Default;Default;Default;Default;Default;Default;3;"ShortRun(IterationCount=3, LaunchCount=1, WarmupCount=3)";Mbs=10;1;Workload;Jitting;1;8846400;1;8846400;0;0;0;1024
Benchy.CopyWriteFlow;;Benchy;CopyWriteFlow;ShortRun;Default;Default;Default;Default;Default;Default;Default;Default;Default;Default;Default;Default;Default;Default;Default;Default;Default;Default;Default;Default;Default;Default;Default;Default;Default;Default;Default;Default;Default;Default;3;Default;1;Default;Default;Default;Default;Default;Default;Default;3;"ShortRun(IterationCount=3, LaunchCount=1, WarmupCount=3)";Mbs=10;1;Overhead;Jitting;2;212900;16;13306.25;0;0;0;1024
Benchy.CopyWriteFlow;;Benchy;CopyWriteFlow;ShortRun;Default;Default;Default;Default;Default;Default;Default;Default;Default;Default;Default;Default;Default;Default;Default;Default;Default;Default;Default;Default;Default;Default;Default;Default;Default;Default;Default;Default;Default;Default;3;Default;1;Default;Default;Default;Default;Default;Default;Default;3;"ShortRun(IterationCount=3, LaunchCount=1, WarmupCount=3)";Mbs=10;1;Workload;Jitting;2;86125600;16;5382850;0;0;0;1024
Benchy.CopyWriteFlow;;Benchy;CopyWriteFlow;ShortRun;Default;Default;Default;Default;Default;Default;Default;Default;Default;Default;Default;Default;Default;Default;Default;Default;Default;Default;Default;Default;Default;Default;Default;Default;Default;Default;Default;Default;Default;Default;3;Default;1;Default;Default;Default;Default;Default;Default;Default;3;"ShortRun(IterationCount=3, LaunchCount=1, WarmupCount=3)";Mbs=10;1;Workload;Pilot;1;78502700;16;4906418.75;0;0;0;1024
Benchy.CopyWriteFlow;;Benchy;CopyWriteFlow;ShortRun;Default;Default;Default;Default;Default;Default;Default;Default;Default;Default;Default;Default;Default;Default;Default;Default;Default;Default;Default;Default;Default;Default;Default;Default;Default;Default;Default;Default;Default;Default;3;Default;1;Default;Default;Default;Default;Default;Default;Default;3;"ShortRun(IterationCount=3, LaunchCount=1, WarmupCount=3)";Mbs=10;1;Workload;Pilot;2;149362400;32;4667575;0;0;0;1024
Benchy.CopyWriteFlow;;Benchy;CopyWriteFlow;ShortRun;Default;Default;Default;Default;Default;Default;Default;Default;Default;Default;Default;Default;Default;Default;Default;Default;Default;Default;Default;Default;Default;Default;Default;Default;Default;Default;Default;Default;Default;Default;3;Default;1;Default;Default;Default;Default;Default;Default;Default;3;"ShortRun(IterationCount=3, LaunchCount=1, WarmupCount=3)";Mbs=10;1;Workload;Pilot;3;285348500;64;4458570.31;0;0;0;1024
Benchy.CopyWriteFlow;;Benchy;CopyWriteFlow;ShortRun;Default;Default;Default;Default;Default;Default;Default;Default;Default;Default;Default;Default;Default;Default;Default;Default;Default;Default;Default;Default;Default;Default;Default;Default;Default;Default;Default;Default;Default;Default;3;Default;1;Default;Default;Default;Default;Default;Default;Default;3;"ShortRun(IterationCount=3, LaunchCount=1, WarmupCount=3)";Mbs=10;1;Workload;Pilot;4;564804300;128;4412533.59;0;0;0;1024
Benchy.CopyWriteFlow;;Benchy;CopyWriteFlow;ShortRun;Default;Default;Default;Default;Default;Default;Default;Default;Default;Default;Default;Default;Default;Default;Default;Default;Default;Default;Default;Default;Default;Default;Default;Default;Default;Default;Default;Default;Default;Default;3;Default;1;Default;Default;Default;Default;Default;Default;Default;3;"ShortRun(IterationCount=3, LaunchCount=1, WarmupCount=3)";Mbs=10;1;Overhead;Warmup;1;1000;128;7.81;0;0;0;1024
Benchy.CopyWriteFlow;;Benchy;CopyWriteFlow;ShortRun;Default;Default;Default;Default;Default;Default;Default;Default;Default;Default;Default;Default;Default;Default;Default;Default;Default;Default;Default;Default;Default;Default;Default;Default;Default;Default;Default;Default;Default;Default;3;Default;1;Default;Default;Default;Default;Default;Default;Default;3;"ShortRun(IterationCount=3, LaunchCount=1, WarmupCount=3)";Mbs=10;1;Overhead;Warmup;2;500;128;3.91;0;0;0;1024
Benchy.CopyWriteFlow;;Benchy;CopyWriteFlow;ShortRun;Default;Default;Default;Default;Default;Default;Default;Default;Default;Default;Default;Default;Default;Default;Default;Default;Default;Default;Default;Default;Default;Default;Default;Default;Default;Default;Default;Default;Default;Default;3;Default;1;Default;Default;Default;Default;Default;Default;Default;3;"ShortRun(IterationCount=3, LaunchCount=1, WarmupCount=3)";Mbs=10;1;Overhead;Warmup;3;600;128;4.69;0;0;0;1024
Benchy.CopyWriteFlow;;Benchy;CopyWriteFlow;ShortRun;Default;Default;Default;Default;Default;Default;Default;Default;Default;Default;Default;Default;Default;Default;Default;Default;Default;Default;Default;Default;Default;Default;Default;Default;Default;Default;Default;Default;Default;Default;3;Default;1;Default;Default;Default;Default;Default;Default;Default;3;"ShortRun(IterationCount=3, LaunchCount=1, WarmupCount=3)";Mbs=10;1;Overhead;Warmup;4;500;128;3.91;0;0;0;1024
Benchy.CopyWriteFlow;;Benchy;CopyWriteFlow;ShortRun;Default;Default;Default;Default;Default;Default;Default;Default;Default;Default;Default;Default;Default;Default;Default;Default;Default;Default;Default;Default;Default;Default;Default;Default;Default;Default;Default;Default;Default;Default;3;Default;1;Default;Default;Default;Default;Default;Default;Default;3;"ShortRun(IterationCount=3, LaunchCount=1, WarmupCount=3)";Mbs=10;1;Overhead;Warmup;5;500;128;3.91;0;0;0;1024
Benchy.CopyWriteFlow;;Benchy;CopyWriteFlow;ShortRun;Default;Default;Default;Default;Default;Default;Default;Default;Default;Default;Default;Default;Default;Default;Default;Default;Default;Default;Default;Default;Default;Default;Default;Default;Default;Default;Default;Default;Default;Default;3;Default;1;Default;Default;Default;Default;Default;Default;Default;3;"ShortRun(IterationCount=3, LaunchCount=1, WarmupCount=3)";Mbs=10;1;Overhead;Warmup;6;500;128;3.91;0;0;0;1024
Benchy.CopyWriteFlow;;Benchy;CopyWriteFlow;ShortRun;Default;Default;Default;Default;Default;Default;Default;Default;Default;Default;Default;Default;Default;Default;Default;Default;Default;Default;Default;Default;Default;Default;Default;Default;Default;Default;Default;Default;Default;Default;3;Default;1;Default;Default;Default;Default;Default;Default;Default;3;"ShortRun(IterationCount=3, LaunchCount=1, WarmupCount=3)";Mbs=10;1;Overhead;Actual;1;500;128;3.91;0;0;0;1024
Benchy.CopyWriteFlow;;Benchy;CopyWriteFlow;ShortRun;Default;Default;Default;Default;Default;Default;Default;Default;Default;Default;Default;Default;Default;Default;Default;Default;Default;Default;Default;Default;Default;Default;Default;Default;Default;Default;Default;Default;Default;Default;3;Default;1;Default;Default;Default;Default;Default;Default;Default;3;"ShortRun(IterationCount=3, LaunchCount=1, WarmupCount=3)";Mbs=10;1;Overhead;Actual;2;600;128;4.69;0;0;0;1024
Benchy.CopyWriteFlow;;Benchy;CopyWriteFlow;ShortRun;Default;Default;Default;Default;Default;Default;Default;Default;Default;Default;Default;Default;Default;Default;Default;Default;Default;Default;Default;Default;Default;Default;Default;Default;Default;Default;Default;Default;Default;Default;3;Default;1;Default;Default;Default;Default;Default;Default;Default;3;"ShortRun(IterationCount=3, LaunchCount=1, WarmupCount=3)";Mbs=10;1;Overhead;Actual;3;600;128;4.69;0;0;0;1024
Benchy.CopyWriteFlow;;Benchy;CopyWriteFlow;ShortRun;Default;Default;Default;Default;Default;Default;Default;Default;Default;Default;Default;Default;Default;Default;Default;Default;Default;Default;Default;Default;Default;Default;Default;Default;Default;Default;Default;Default;Default;Default;3;Default;1;Default;Default;Default;Default;Default;Default;Default;3;"ShortRun(IterationCount=3, LaunchCount=1, WarmupCount=3)";Mbs=10;1;Overhead;Actual;4;600;128;4.69;0;0;0;1024
Benchy.CopyWriteFlow;;Benchy;CopyWriteFlow;ShortRun;Default;Default;Default;Default;Default;Default;Default;Default;Default;Default;Default;Default;Default;Default;Default;Default;Default;Default;Default;Default;Default;Default;Default;Default;Default;Default;Default;Default;Default;Default;3;Default;1;Default;Default;Default;Default;Default;Default;Default;3;"ShortRun(IterationCount=3, LaunchCount=1, WarmupCount=3)";Mbs=10;1;Overhead;Actual;5;500;128;3.91;0;0;0;1024
Benchy.CopyWriteFlow;;Benchy;CopyWriteFlow;ShortRun;Default;Default;Default;Default;Default;Default;Default;Default;Default;Default;Default;Default;Default;Default;Default;Default;Default;Default;Default;Default;Default;Default;Default;Default;Default;Default;Default;Default;Default;Default;3;Default;1;Default;Default;Default;Default;Default;Default;Default;3;"ShortRun(IterationCount=3, LaunchCount=1, WarmupCount=3)";Mbs=10;1;Overhead;Actual;6;400;128;3.13;0;0;0;1024
Benchy.CopyWriteFlow;;Benchy;CopyWriteFlow;ShortRun;Default;Default;Default;Default;Default;Default;Default;Default;Default;Default;Default;Default;Default;Default;Default;Default;Default;Default;Default;Default;Default;Default;Default;Default;Default;Default;Default;Default;Default;Default;3;Default;1;Default;Default;Default;Default;Default;Default;Default;3;"ShortRun(IterationCount=3, LaunchCount=1, WarmupCount=3)";Mbs=10;1;Overhead;Actual;7;700;128;5.47;0;0;0;1024
Benchy.CopyWriteFlow;;Benchy;CopyWriteFlow;ShortRun;Default;Default;Default;Default;Default;Default;Default;Default;Default;Default;Default;Default;Default;Default;Default;Default;Default;Default;Default;Default;Default;Default;Default;Default;Default;Default;Default;Default;Default;Default;3;Default;1;Default;Default;Default;Default;Default;Default;Default;3;"ShortRun(IterationCount=3, LaunchCount=1, WarmupCount=3)";Mbs=10;1;Overhead;Actual;8;500;128;3.91;0;0;0;1024
Benchy.CopyWriteFlow;;Benchy;CopyWriteFlow;ShortRun;Default;Default;Default;Default;Default;Default;Default;Default;Default;Default;Default;Default;Default;Default;Default;Default;Default;Default;Default;Default;Default;Default;Default;Default;Default;Default;Default;Default;Default;Default;3;Default;1;Default;Default;Default;Default;Default;Default;Default;3;"ShortRun(IterationCount=3, LaunchCount=1, WarmupCount=3)";Mbs=10;1;Overhead;Actual;9;400;128;3.13;0;0;0;1024
Benchy.CopyWriteFlow;;Benchy;CopyWriteFlow;ShortRun;Default;Default;Default;Default;Default;Default;Default;Default;Default;Default;Default;Default;Default;Default;Default;Default;Default;Default;Default;Default;Default;Default;Default;Default;Default;Default;Default;Default;Default;Default;3;Default;1;Default;Default;Default;Default;Default;Default;Default;3;"ShortRun(IterationCount=3, LaunchCount=1, WarmupCount=3)";Mbs=10;1;Overhead;Actual;10;500;128;3.91;0;0;0;1024
Benchy.CopyWriteFlow;;Benchy;CopyWriteFlow;ShortRun;Default;Default;Default;Default;Default;Default;Default;Default;Default;Default;Default;Default;Default;Default;Default;Default;Default;Default;Default;Default;Default;Default;Default;Default;Default;Default;Default;Default;Default;Default;3;Default;1;Default;Default;Default;Default;Default;Default;Default;3;"ShortRun(IterationCount=3, LaunchCount=1, WarmupCount=3)";Mbs=10;1;Overhead;Actual;11;600;128;4.69;0;0;0;1024
Benchy.CopyWriteFlow;;Benchy;CopyWriteFlow;ShortRun;Default;Default;Default;Default;Default;Default;Default;Default;Default;Default;Default;Default;Default;Default;Default;Default;Default;Default;Default;Default;Default;Default;Default;Default;Default;Default;Default;Default;Default;Default;3;Default;1;Default;Default;Default;Default;Default;Default;Default;3;"ShortRun(IterationCount=3, LaunchCount=1, WarmupCount=3)";Mbs=10;1;Overhead;Actual;12;500;128;3.91;0;0;0;1024
Benchy.CopyWriteFlow;;Benchy;CopyWriteFlow;ShortRun;Default;Default;Default;Default;Default;Default;Default;Default;Default;Default;Default;Default;Default;Default;Default;Default;Default;Default;Default;Default;Default;Default;Default;Default;Default;Default;Default;Default;Default;Default;3;Default;1;Default;Default;Default;Default;Default;Default;Default;3;"ShortRun(IterationCount=3, LaunchCount=1, WarmupCount=3)";Mbs=10;1;Overhead;Actual;13;500;128;3.91;0;0;0;1024
Benchy.CopyWriteFlow;;Benchy;CopyWriteFlow;ShortRun;Default;Default;Default;Default;Default;Default;Default;Default;Default;Default;Default;Default;Default;Default;Default;Default;Default;Default;Default;Default;Default;Default;Default;Default;Default;Default;Default;Default;Default;Default;3;Default;1;Default;Default;Default;Default;Default;Default;Default;3;"ShortRun(IterationCount=3, LaunchCount=1, WarmupCount=3)";Mbs=10;1;Overhead;Actual;14;400;128;3.13;0;0;0;1024
Benchy.CopyWriteFlow;;Benchy;CopyWriteFlow;ShortRun;Default;Default;Default;Default;Default;Default;Default;Default;Default;Default;Default;Default;Default;Default;Default;Default;Default;Default;Default;Default;Default;Default;Default;Default;Default;Default;Default;Default;Default;Default;3;Default;1;Default;Default;Default;Default;Default;Default;Default;3;"ShortRun(IterationCount=3, LaunchCount=1, WarmupCount=3)";Mbs=10;1;Overhead;Actual;15;400;128;3.13;0;0;0;1024
Benchy.CopyWriteFlow;;Benchy;CopyWriteFlow;ShortRun;Default;Default;Default;Default;Default;Default;Default;Default;Default;Default;Default;Default;Default;Default;Default;Default;Default;Default;Default;Default;Default;Default;Default;Default;Default;Default;Default;Default;Default;Default;3;Default;1;Default;Default;Default;Default;Default;Default;Default;3;"ShortRun(IterationCount=3, LaunchCount=1, WarmupCount=3)";Mbs=10;1;Overhead;Actual;16;400;128;3.13;0;0;0;1024
Benchy.CopyWriteFlow;;Benchy;CopyWriteFlow;ShortRun;Default;Default;Default;Default;Default;Default;Default;Default;Default;Default;Default;Default;Default;Default;Default;Default;Default;Default;Default;Default;Default;Default;Default;Default;Default;Default;Default;Default;Default;Default;3;Default;1;Default;Default;Default;Default;Default;Default;Default;3;"ShortRun(IterationCount=3, LaunchCount=1, WarmupCount=3)";Mbs=10;1;Overhead;Actual;17;400;128;3.13;0;0;0;1024
Benchy.CopyWriteFlow;;Benchy;CopyWriteFlow;ShortRun;Default;Default;Default;Default;Default;Default;Default;Default;Default;Default;Default;Default;Default;Default;Default;Default;Default;Default;Default;Default;Default;Default;Default;Default;Default;Default;Default;Default;Default;Default;3;Default;1;Default;Default;Default;Default;Default;Default;Default;3;"ShortRun(IterationCount=3, LaunchCount=1, WarmupCount=3)";Mbs=10;1;Overhead;Actual;18;600;128;4.69;0;0;0;1024
Benchy.CopyWriteFlow;;Benchy;CopyWriteFlow;ShortRun;Default;Default;Default;Default;Default;Default;Default;Default;Default;Default;Default;Default;Default;Default;Default;Default;Default;Default;Default;Default;Default;Default;Default;Default;Default;Default;Default;Default;Default;Default;3;Default;1;Default;Default;Default;Default;Default;Default;Default;3;"ShortRun(IterationCount=3, LaunchCount=1, WarmupCount=3)";Mbs=10;1;Overhead;Actual;19;500;128;3.91;0;0;0;1024
Benchy.CopyWriteFlow;;Benchy;CopyWriteFlow;ShortRun;Default;Default;Default;Default;Default;Default;Default;Default;Default;Default;Default;Default;Default;Default;Default;Default;Default;Default;Default;Default;Default;Default;Default;Default;Default;Default;Default;Default;Default;Default;3;Default;1;Default;Default;Default;Default;Default;Default;Default;3;"ShortRun(IterationCount=3, LaunchCount=1, WarmupCount=3)";Mbs=10;1;Overhead;Actual;20;600;128;4.69;0;0;0;1024
Benchy.CopyWriteFlow;;Benchy;CopyWriteFlow;ShortRun;Default;Default;Default;Default;Default;Default;Default;Default;Default;Default;Default;Default;Default;Default;Default;Default;Default;Default;Default;Default;Default;Default;Default;Default;Default;Default;Default;Default;Default;Default;3;Default;1;Default;Default;Default;Default;Default;Default;Default;3;"ShortRun(IterationCount=3, LaunchCount=1, WarmupCount=3)";Mbs=10;1;Workload;Warmup;1;568590200;128;4442110.94;0;0;0;1024
Benchy.CopyWriteFlow;;Benchy;CopyWriteFlow;ShortRun;Default;Default;Default;Default;Default;Default;Default;Default;Default;Default;Default;Default;Default;Default;Default;Default;Default;Default;Default;Default;Default;Default;Default;Default;Default;Default;Default;Default;Default;Default;3;Default;1;Default;Default;Default;Default;Default;Default;Default;3;"ShortRun(IterationCount=3, LaunchCount=1, WarmupCount=3)";Mbs=10;1;Workload;Warmup;2;564120600;128;4407192.19;0;0;0;1024
Benchy.CopyWriteFlow;;Benchy;CopyWriteFlow;ShortRun;Default;Default;Default;Default;Default;Default;Default;Default;Default;Default;Default;Default;Default;Default;Default;Default;Default;Default;Default;Default;Default;Default;Default;Default;Default;Default;Default;Default;Default;Default;3;Default;1;Default;Default;Default;Default;Default;Default;Default;3;"ShortRun(IterationCount=3, LaunchCount=1, WarmupCount=3)";Mbs=10;1;Workload;Warmup;3;559212200;128;4368845.31;0;0;0;1024
Benchy.CopyWriteFlow;;Benchy;CopyWriteFlow;ShortRun;Default;Default;Default;Default;Default;Default;Default;Default;Default;Default;Default;Default;Default;Default;Default;Default;Default;Default;Default;Default;Default;Default;Default;Default;Default;Default;Default;Default;Default;Default;3;Default;1;Default;Default;Default;Default;Default;Default;Default;3;"ShortRun(IterationCount=3, LaunchCount=1, WarmupCount=3)";Mbs=10;1;Workload;Actual;1;561224600;128;4384567.19;0;0;0;1024
Benchy.CopyWriteFlow;;Benchy;CopyWriteFlow;ShortRun;Default;Default;Default;Default;Default;Default;Default;Default;Default;Default;Default;Default;Default;Default;Default;Default;Default;Default;Default;Default;Default;Default;Default;Default;Default;Default;Default;Default;Default;Default;3;Default;1;Default;Default;Default;Default;Default;Default;Default;3;"ShortRun(IterationCount=3, LaunchCount=1, WarmupCount=3)";Mbs=10;1;Workload;Actual;2;560987500;128;4382714.84;0;0;0;1024
Benchy.CopyWriteFlow;;Benchy;CopyWriteFlow;ShortRun;Default;Default;Default;Default;Default;Default;Default;Default;Default;Default;Default;Default;Default;Default;Default;Default;Default;Default;Default;Default;Default;Default;Default;Default;Default;Default;Default;Default;Default;Default;3;Default;1;Default;Default;Default;Default;Default;Default;Default;3;"ShortRun(IterationCount=3, LaunchCount=1, WarmupCount=3)";Mbs=10;1;Workload;Actual;3;558620100;128;4364219.53;0;0;0;1024
Benchy.CopyWriteFlow;;Benchy;CopyWriteFlow;ShortRun;Default;Default;Default;Default;Default;Default;Default;Default;Default;Default;Default;Default;Default;Default;Default;Default;Default;Default;Default;Default;Default;Default;Default;Default;Default;Default;Default;Default;Default;Default;3;Default;1;Default;Default;Default;Default;Default;Default;Default;3;"ShortRun(IterationCount=3, LaunchCount=1, WarmupCount=3)";Mbs=10;1;Workload;Result;1;561224100;128;4384563.28;0;0;0;1024
Benchy.CopyWriteFlow;;Benchy;CopyWriteFlow;ShortRun;Default;Default;Default;Default;Default;Default;Default;Default;Default;Default;Default;Default;Default;Default;Default;Default;Default;Default;Default;Default;Default;Default;Default;Default;Default;Default;Default;Default;Default;Default;3;Default;1;Default;Default;Default;Default;Default;Default;Default;3;"ShortRun(IterationCount=3, LaunchCount=1, WarmupCount=3)";Mbs=10;1;Workload;Result;2;560987000;128;4382710.94;0;0;0;1024
Benchy.CopyWriteFlow;;Benchy;CopyWriteFlow;ShortRun;Default;Default;Default;Default;Default;Default;Default;Default;Default;Default;Default;Default;Default;Default;Default;Default;Default;Default;Default;Default;Default;Default;Default;Default;Default;Default;Default;Default;Default;Default;3;Default;1;Default;Default;Default;Default;Default;Default;Default;3;"ShortRun(IterationCount=3, LaunchCount=1, WarmupCount=3)";Mbs=10;1;Workload;Result;3;558619600;128;4364215.63;0;0;0;1024
Benchy.CopyReadFlow;;Benchy;CopyReadFlow;ShortRun;Default;Default;Default;Default;Default;Default;Default;Default;Default;Default;Default;Default;Default;Default;Default;Default;Default;Default;Default;Default;Default;Default;Default;Default;Default;Default;Default;Default;Default;Default;3;Default;1;Default;Default;Default;Default;Default;Default;Default;3;"ShortRun(IterationCount=3, LaunchCount=1, WarmupCount=3)";Mbs=10;1;Overhead;Jitting;1;205300;1;205300;0;0;0;1024
Benchy.CopyReadFlow;;Benchy;CopyReadFlow;ShortRun;Default;Default;Default;Default;Default;Default;Default;Default;Default;Default;Default;Default;Default;Default;Default;Default;Default;Default;Default;Default;Default;Default;Default;Default;Default;Default;Default;Default;Default;Default;3;Default;1;Default;Default;Default;Default;Default;Default;Default;3;"ShortRun(IterationCount=3, LaunchCount=1, WarmupCount=3)";Mbs=10;1;Workload;Jitting;1;7299400;1;7299400;0;0;0;1024
Benchy.CopyReadFlow;;Benchy;CopyReadFlow;ShortRun;Default;Default;Default;Default;Default;Default;Default;Default;Default;Default;Default;Default;Default;Default;Default;Default;Default;Default;Default;Default;Default;Default;Default;Default;Default;Default;Default;Default;Default;Default;3;Default;1;Default;Default;Default;Default;Default;Default;Default;3;"ShortRun(IterationCount=3, LaunchCount=1, WarmupCount=3)";Mbs=10;1;Overhead;Jitting;2;207600;16;12975;0;0;0;1024
Benchy.CopyReadFlow;;Benchy;CopyReadFlow;ShortRun;Default;Default;Default;Default;Default;Default;Default;Default;Default;Default;Default;Default;Default;Default;Default;Default;Default;Default;Default;Default;Default;Default;Default;Default;Default;Default;Default;Default;Default;Default;3;Default;1;Default;Default;Default;Default;Default;Default;Default;3;"ShortRun(IterationCount=3, LaunchCount=1, WarmupCount=3)";Mbs=10;1;Workload;Jitting;2;69551800;16;4346987.5;0;0;0;1024
Benchy.CopyReadFlow;;Benchy;CopyReadFlow;ShortRun;Default;Default;Default;Default;Default;Default;Default;Default;Default;Default;Default;Default;Default;Default;Default;Default;Default;Default;Default;Default;Default;Default;Default;Default;Default;Default;Default;Default;Default;Default;3;Default;1;Default;Default;Default;Default;Default;Default;Default;3;"ShortRun(IterationCount=3, LaunchCount=1, WarmupCount=3)";Mbs=10;1;Workload;Pilot;1;63719200;16;3982450;0;0;0;1024
Benchy.CopyReadFlow;;Benchy;CopyReadFlow;ShortRun;Default;Default;Default;Default;Default;Default;Default;Default;Default;Default;Default;Default;Default;Default;Default;Default;Default;Default;Default;Default;Default;Default;Default;Default;Default;Default;Default;Default;Default;Default;3;Default;1;Default;Default;Default;Default;Default;Default;Default;3;"ShortRun(IterationCount=3, LaunchCount=1, WarmupCount=3)";Mbs=10;1;Workload;Pilot;2;127904200;32;3997006.25;0;0;0;1024
Benchy.CopyReadFlow;;Benchy;CopyReadFlow;ShortRun;Default;Default;Default;Default;Default;Default;Default;Default;Default;Default;Default;Default;Default;Default;Default;Default;Default;Default;Default;Default;Default;Default;Default;Default;Default;Default;Default;Default;Default;Default;3;Default;1;Default;Default;Default;Default;Default;Default;Default;3;"ShortRun(IterationCount=3, LaunchCount=1, WarmupCount=3)";Mbs=10;1;Workload;Pilot;3;251183600;64;3924743.75;0;0;0;1024
Benchy.CopyReadFlow;;Benchy;CopyReadFlow;ShortRun;Default;Default;Default;Default;Default;Default;Default;Default;Default;Default;Default;Default;Default;Default;Default;Default;Default;Default;Default;Default;Default;Default;Default;Default;Default;Default;Default;Default;Default;Default;3;Default;1;Default;Default;Default;Default;Default;Default;Default;3;"ShortRun(IterationCount=3, LaunchCount=1, WarmupCount=3)";Mbs=10;1;Workload;Pilot;4;498245400;128;3892542.19;0;0;0;1024
Benchy.CopyReadFlow;;Benchy;CopyReadFlow;ShortRun;Default;Default;Default;Default;Default;Default;Default;Default;Default;Default;Default;Default;Default;Default;Default;Default;Default;Default;Default;Default;Default;Default;Default;Default;Default;Default;Default;Default;Default;Default;3;Default;1;Default;Default;Default;Default;Default;Default;Default;3;"ShortRun(IterationCount=3, LaunchCount=1, WarmupCount=3)";Mbs=10;1;Workload;Pilot;5;994998300;256;3886712.11;0;0;0;1024
Benchy.CopyReadFlow;;Benchy;CopyReadFlow;ShortRun;Default;Default;Default;Default;Default;Default;Default;Default;Default;Default;Default;Default;Default;Default;Default;Default;Default;Default;Default;Default;Default;Default;Default;Default;Default;Default;Default;Default;Default;Default;3;Default;1;Default;Default;Default;Default;Default;Default;Default;3;"ShortRun(IterationCount=3, LaunchCount=1, WarmupCount=3)";Mbs=10;1;Overhead;Warmup;1;1500;256;5.86;0;0;0;1024
Benchy.CopyReadFlow;;Benchy;CopyReadFlow;ShortRun;Default;Default;Default;Default;Default;Default;Default;Default;Default;Default;Default;Default;Default;Default;Default;Default;Default;Default;Default;Default;Default;Default;Default;Default;Default;Default;Default;Default;Default;Default;3;Default;1;Default;Default;Default;Default;Default;Default;Default;3;"ShortRun(IterationCount=3, LaunchCount=1, WarmupCount=3)";Mbs=10;1;Overhead;Warmup;2;900;256;3.52;0;0;0;1024
Benchy.CopyReadFlow;;Benchy;CopyReadFlow;ShortRun;Default;Default;Default;Default;Default;Default;Default;Default;Default;Default;Default;Default;Default;Default;Default;Default;Default;Default;Default;Default;Default;Default;Default;Default;Default;Default;Default;Default;Default;Default;3;Default;1;Default;Default;Default;Default;Default;Default;Default;3;"ShortRun(IterationCount=3, LaunchCount=1, WarmupCount=3)";Mbs=10;1;Overhead;Warmup;3;800;256;3.13;0;0;0;1024
Benchy.CopyReadFlow;;Benchy;CopyReadFlow;ShortRun;Default;Default;Default;Default;Default;Default;Default;Default;Default;Default;Default;Default;Default;Default;Default;Default;Default;Default;Default;Default;Default;Default;Default;Default;Default;Default;Default;Default;Default;Default;3;Default;1;Default;Default;Default;Default;Default;Default;Default;3;"ShortRun(IterationCount=3, LaunchCount=1, WarmupCount=3)";Mbs=10;1;Overhead;Warmup;4;700;256;2.73;0;0;0;1024
Benchy.CopyReadFlow;;Benchy;CopyReadFlow;ShortRun;Default;Default;Default;Default;Default;Default;Default;Default;Default;Default;Default;Default;Default;Default;Default;Default;Default;Default;Default;Default;Default;Default;Default;Default;Default;Default;Default;Default;Default;Default;3;Default;1;Default;Default;Default;Default;Default;Default;Default;3;"ShortRun(IterationCount=3, LaunchCount=1, WarmupCount=3)";Mbs=10;1;Overhead;Warmup;5;800;256;3.13;0;0;0;1024
Benchy.CopyReadFlow;;Benchy;CopyReadFlow;ShortRun;Default;Default;Default;Default;Default;Default;Default;Default;Default;Default;Default;Default;Default;Default;Default;Default;Default;Default;Default;Default;Default;Default;Default;Default;Default;Default;Default;Default;Default;Default;3;Default;1;Default;Default;Default;Default;Default;Default;Default;3;"ShortRun(IterationCount=3, LaunchCount=1, WarmupCount=3)";Mbs=10;1;Overhead;Warmup;6;700;256;2.73;0;0;0;1024
Benchy.CopyReadFlow;;Benchy;CopyReadFlow;ShortRun;Default;Default;Default;Default;Default;Default;Default;Default;Default;Default;Default;Default;Default;Default;Default;Default;Default;Default;Default;Default;Default;Default;Default;Default;Default;Default;Default;Default;Default;Default;3;Default;1;Default;Default;Default;Default;Default;Default;Default;3;"ShortRun(IterationCount=3, LaunchCount=1, WarmupCount=3)";Mbs=10;1;Overhead;Warmup;7;600;256;2.34;0;0;0;1024
Benchy.CopyReadFlow;;Benchy;CopyReadFlow;ShortRun;Default;Default;Default;Default;Default;Default;Default;Default;Default;Default;Default;Default;Default;Default;Default;Default;Default;Default;Default;Default;Default;Default;Default;Default;Default;Default;Default;Default;Default;Default;3;Default;1;Default;Default;Default;Default;Default;Default;Default;3;"ShortRun(IterationCount=3, LaunchCount=1, WarmupCount=3)";Mbs=10;1;Overhead;Warmup;8;800;256;3.13;0;0;0;1024
Benchy.CopyReadFlow;;Benchy;CopyReadFlow;ShortRun;Default;Default;Default;Default;Default;Default;Default;Default;Default;Default;Default;Default;Default;Default;Default;Default;Default;Default;Default;Default;Default;Default;Default;Default;Default;Default;Default;Default;Default;Default;3;Default;1;Default;Default;Default;Default;Default;Default;Default;3;"ShortRun(IterationCount=3, LaunchCount=1, WarmupCount=3)";Mbs=10;1;Overhead;Warmup;9;800;256;3.13;0;0;0;1024
Benchy.CopyReadFlow;;Benchy;CopyReadFlow;ShortRun;Default;Default;Default;Default;Default;Default;Default;Default;Default;Default;Default;Default;Default;Default;Default;Default;Default;Default;Default;Default;Default;Default;Default;Default;Default;Default;Default;Default;Default;Default;3;Default;1;Default;Default;Default;Default;Default;Default;Default;3;"ShortRun(IterationCount=3, LaunchCount=1, WarmupCount=3)";Mbs=10;1;Overhead;Actual;1;800;256;3.13;0;0;0;1024
Benchy.CopyReadFlow;;Benchy;CopyReadFlow;ShortRun;Default;Default;Default;Default;Default;Default;Default;Default;Default;Default;Default;Default;Default;Default;Default;Default;Default;Default;Default;Default;Default;Default;Default;Default;Default;Default;Default;Default;Default;Default;3;Default;1;Default;Default;Default;Default;Default;Default;Default;3;"ShortRun(IterationCount=3, LaunchCount=1, WarmupCount=3)";Mbs=10;1;Overhead;Actual;2;800;256;3.13;0;0;0;1024
Benchy.CopyReadFlow;;Benchy;CopyReadFlow;ShortRun;Default;Default;Default;Default;Default;Default;Default;Default;Default;Default;Default;Default;Default;Default;Default;Default;Default;Default;Default;Default;Default;Default;Default;Default;Default;Default;Default;Default;Default;Default;3;Default;1;Default;Default;Default;Default;Default;Default;Default;3;"ShortRun(IterationCount=3, LaunchCount=1, WarmupCount=3)";Mbs=10;1;Overhead;Actual;3;800;256;3.13;0;0;0;1024
Benchy.CopyReadFlow;;Benchy;CopyReadFlow;ShortRun;Default;Default;Default;Default;Default;Default;Default;Default;Default;Default;Default;Default;Default;Default;Default;Default;Default;Default;Default;Default;Default;Default;Default;Default;Default;Default;Default;Default;Default;Default;3;Default;1;Default;Default;Default;Default;Default;Default;Default;3;"ShortRun(IterationCount=3, LaunchCount=1, WarmupCount=3)";Mbs=10;1;Overhead;Actual;4;800;256;3.13;0;0;0;1024
Benchy.CopyReadFlow;;Benchy;CopyReadFlow;ShortRun;Default;Default;Default;Default;Default;Default;Default;Default;Default;Default;Default;Default;Default;Default;Default;Default;Default;Default;Default;Default;Default;Default;Default;Default;Default;Default;Default;Default;Default;Default;3;Default;1;Default;Default;Default;Default;Default;Default;Default;3;"ShortRun(IterationCount=3, LaunchCount=1, WarmupCount=3)";Mbs=10;1;Overhead;Actual;5;800;256;3.13;0;0;0;1024
Benchy.CopyReadFlow;;Benchy;CopyReadFlow;ShortRun;Default;Default;Default;Default;Default;Default;Default;Default;Default;Default;Default;Default;Default;Default;Default;Default;Default;Default;Default;Default;Default;Default;Default;Default;Default;Default;Default;Default;Default;Default;3;Default;1;Default;Default;Default;Default;Default;Default;Default;3;"ShortRun(IterationCount=3, LaunchCount=1, WarmupCount=3)";Mbs=10;1;Overhead;Actual;6;700;256;2.73;0;0;0;1024
Benchy.CopyReadFlow;;Benchy;CopyReadFlow;ShortRun;Default;Default;Default;Default;Default;Default;Default;Default;Default;Default;Default;Default;Default;Default;Default;Default;Default;Default;Default;Default;Default;Default;Default;Default;Default;Default;Default;Default;Default;Default;3;Default;1;Default;Default;Default;Default;Default;Default;Default;3;"ShortRun(IterationCount=3, LaunchCount=1, WarmupCount=3)";Mbs=10;1;Overhead;Actual;7;800;256;3.13;0;0;0;1024
Benchy.CopyReadFlow;;Benchy;CopyReadFlow;ShortRun;Default;Default;Default;Default;Default;Default;Default;Default;Default;Default;Default;Default;Default;Default;Default;Default;Default;Default;Default;Default;Default;Default;Default;Default;Default;Default;Default;Default;Default;Default;3;Default;1;Default;Default;Default;Default;Default;Default;Default;3;"ShortRun(IterationCount=3, LaunchCount=1, WarmupCount=3)";Mbs=10;1;Overhead;Actual;8;800;256;3.13;0;0;0;1024
Benchy.CopyReadFlow;;Benchy;CopyReadFlow;ShortRun;Default;Default;Default;Default;Default;Default;Default;Default;Default;Default;Default;Default;Default;Default;Default;Default;Default;Default;Default;Default;Default;Default;Default;Default;Default;Default;Default;Default;Default;Default;3;Default;1;Default;Default;Default;Default;Default;Default;Default;3;"ShortRun(IterationCount=3, LaunchCount=1, WarmupCount=3)";Mbs=10;1;Overhead;Actual;9;700;256;2.73;0;0;0;1024
Benchy.CopyReadFlow;;Benchy;CopyReadFlow;ShortRun;Default;Default;Default;Default;Default;Default;Default;Default;Default;Default;Default;Default;Default;Default;Default;Default;Default;Default;Default;Default;Default;Default;Default;Default;Default;Default;Default;Default;Default;Default;3;Default;1;Default;Default;Default;Default;Default;Default;Default;3;"ShortRun(IterationCount=3, LaunchCount=1, WarmupCount=3)";Mbs=10;1;Overhead;Actual;10;700;256;2.73;0;0;0;1024
Benchy.CopyReadFlow;;Benchy;CopyReadFlow;ShortRun;Default;Default;Default;Default;Default;Default;Default;Default;Default;Default;Default;Default;Default;Default;Default;Default;Default;Default;Default;Default;Default;Default;Default;Default;Default;Default;Default;Default;Default;Default;3;Default;1;Default;Default;Default;Default;Default;Default;Default;3;"ShortRun(IterationCount=3, LaunchCount=1, WarmupCount=3)";Mbs=10;1;Overhead;Actual;11;700;256;2.73;0;0;0;1024
Benchy.CopyReadFlow;;Benchy;CopyReadFlow;ShortRun;Default;Default;Default;Default;Default;Default;Default;Default;Default;Default;Default;Default;Default;Default;Default;Default;Default;Default;Default;Default;Default;Default;Default;Default;Default;Default;Default;Default;Default;Default;3;Default;1;Default;Default;Default;Default;Default;Default;Default;3;"ShortRun(IterationCount=3, LaunchCount=1, WarmupCount=3)";Mbs=10;1;Overhead;Actual;12;800;256;3.13;0;0;0;1024
Benchy.CopyReadFlow;;Benchy;CopyReadFlow;ShortRun;Default;Default;Default;Default;Default;Default;Default;Default;Default;Default;Default;Default;Default;Default;Default;Default;Default;Default;Default;Default;Default;Default;Default;Default;Default;Default;Default;Default;Default;Default;3;Default;1;Default;Default;Default;Default;Default;Default;Default;3;"ShortRun(IterationCount=3, LaunchCount=1, WarmupCount=3)";Mbs=10;1;Overhead;Actual;13;700;256;2.73;0;0;0;1024
Benchy.CopyReadFlow;;Benchy;CopyReadFlow;ShortRun;Default;Default;Default;Default;Default;Default;Default;Default;Default;Default;Default;Default;Default;Default;Default;Default;Default;Default;Default;Default;Default;Default;Default;Default;Default;Default;Default;Default;Default;Default;3;Default;1;Default;Default;Default;Default;Default;Default;Default;3;"ShortRun(IterationCount=3, LaunchCount=1, WarmupCount=3)";Mbs=10;1;Overhead;Actual;14;700;256;2.73;0;0;0;1024
Benchy.CopyReadFlow;;Benchy;CopyReadFlow;ShortRun;Default;Default;Default;Default;Default;Default;Default;Default;Default;Default;Default;Default;Default;Default;Default;Default;Default;Default;Default;Default;Default;Default;Default;Default;Default;Default;Default;Default;Default;Default;3;Default;1;Default;Default;Default;Default;Default;Default;Default;3;"ShortRun(IterationCount=3, LaunchCount=1, WarmupCount=3)";Mbs=10;1;Overhead;Actual;15;700;256;2.73;0;0;0;1024
Benchy.CopyReadFlow;;Benchy;CopyReadFlow;ShortRun;Default;Default;Default;Default;Default;Default;Default;Default;Default;Default;Default;Default;Default;Default;Default;Default;Default;Default;Default;Default;Default;Default;Default;Default;Default;Default;Default;Default;Default;Default;3;Default;1;Default;Default;Default;Default;Default;Default;Default;3;"ShortRun(IterationCount=3, LaunchCount=1, WarmupCount=3)";Mbs=10;1;Overhead;Actual;16;1000;256;3.91;0;0;0;1024
Benchy.CopyReadFlow;;Benchy;CopyReadFlow;ShortRun;Default;Default;Default;Default;Default;Default;Default;Default;Default;Default;Default;Default;Default;Default;Default;Default;Default;Default;Default;Default;Default;Default;Default;Default;Default;Default;Default;Default;Default;Default;3;Default;1;Default;Default;Default;Default;Default;Default;Default;3;"ShortRun(IterationCount=3, LaunchCount=1, WarmupCount=3)";Mbs=10;1;Overhead;Actual;17;1800;256;7.03;0;0;0;1024
Benchy.CopyReadFlow;;Benchy;CopyReadFlow;ShortRun;Default;Default;Default;Default;Default;Default;Default;Default;Default;Default;Default;Default;Default;Default;Default;Default;Default;Default;Default;Default;Default;Default;Default;Default;Default;Default;Default;Default;Default;Default;3;Default;1;Default;Default;Default;Default;Default;Default;Default;3;"ShortRun(IterationCount=3, LaunchCount=1, WarmupCount=3)";Mbs=10;1;Overhead;Actual;18;1000;256;3.91;0;0;0;1024
Benchy.CopyReadFlow;;Benchy;CopyReadFlow;ShortRun;Default;Default;Default;Default;Default;Default;Default;Default;Default;Default;Default;Default;Default;Default;Default;Default;Default;Default;Default;Default;Default;Default;Default;Default;Default;Default;Default;Default;Default;Default;3;Default;1;Default;Default;Default;Default;Default;Default;Default;3;"ShortRun(IterationCount=3, LaunchCount=1, WarmupCount=3)";Mbs=10;1;Overhead;Actual;19;700;256;2.73;0;0;0;1024
Benchy.CopyReadFlow;;Benchy;CopyReadFlow;ShortRun;Default;Default;Default;Default;Default;Default;Default;Default;Default;Default;Default;Default;Default;Default;Default;Default;Default;Default;Default;Default;Default;Default;Default;Default;Default;Default;Default;Default;Default;Default;3;Default;1;Default;Default;Default;Default;Default;Default;Default;3;"ShortRun(IterationCount=3, LaunchCount=1, WarmupCount=3)";Mbs=10;1;Overhead;Actual;20;700;256;2.73;0;0;0;1024
Benchy.CopyReadFlow;;Benchy;CopyReadFlow;ShortRun;Default;Default;Default;Default;Default;Default;Default;Default;Default;Default;Default;Default;Default;Default;Default;Default;Default;Default;Default;Default;Default;Default;Default;Default;Default;Default;Default;Default;Default;Default;3;Default;1;Default;Default;Default;Default;Default;Default;Default;3;"ShortRun(IterationCount=3, LaunchCount=1, WarmupCount=3)";Mbs=10;1;Workload;Warmup;1;995722300;256;3889540.23;0;0;0;1024
Benchy.CopyReadFlow;;Benchy;CopyReadFlow;ShortRun;Default;Default;Default;Default;Default;Default;Default;Default;Default;Default;Default;Default;Default;Default;Default;Default;Default;Default;Default;Default;Default;Default;Default;Default;Default;Default;Default;Default;Default;Default;3;Default;1;Default;Default;Default;Default;Default;Default;Default;3;"ShortRun(IterationCount=3, LaunchCount=1, WarmupCount=3)";Mbs=10;1;Workload;Warmup;2;1000144400;256;3906814.06;0;0;0;1024
Benchy.CopyReadFlow;;Benchy;CopyReadFlow;ShortRun;Default;Default;Default;Default;Default;Default;Default;Default;Default;Default;Default;Default;Default;Default;Default;Default;Default;Default;Default;Default;Default;Default;Default;Default;Default;Default;Default;Default;Default;Default;3;Default;1;Default;Default;Default;Default;Default;Default;Default;3;"ShortRun(IterationCount=3, LaunchCount=1, WarmupCount=3)";Mbs=10;1;Workload;Warmup;3;994176300;256;3883501.17;0;0;0;1024
Benchy.CopyReadFlow;;Benchy;CopyReadFlow;ShortRun;Default;Default;Default;Default;Default;Default;Default;Default;Default;Default;Default;Default;Default;Default;Default;Default;Default;Default;Default;Default;Default;Default;Default;Default;Default;Default;Default;Default;Default;Default;3;Default;1;Default;Default;Default;Default;Default;Default;Default;3;"ShortRun(IterationCount=3, LaunchCount=1, WarmupCount=3)";Mbs=10;1;Workload;Actual;1;1009178400;256;3942103.13;0;0;0;1024
Benchy.CopyReadFlow;;Benchy;CopyReadFlow;ShortRun;Default;Default;Default;Default;Default;Default;Default;Default;Default;Default;Default;Default;Default;Default;Default;Default;Default;Default;Default;Default;Default;Default;Default;Default;Default;Default;Default;Default;Default;Default;3;Default;1;Default;Default;Default;Default;Default;Default;Default;3;"ShortRun(IterationCount=3, LaunchCount=1, WarmupCount=3)";Mbs=10;1;Workload;Actual;2;994719900;256;3885624.61;0;0;0;1024
Benchy.CopyReadFlow;;Benchy;CopyReadFlow;ShortRun;Default;Default;Default;Default;Default;Default;Default;Default;Default;Default;Default;Default;Default;Default;Default;Default;Default;Default;Default;Default;Default;Default;Default;Default;Default;Default;Default;Default;Default;Default;3;Default;1;Default;Default;Default;Default;Default;Default;Default;3;"ShortRun(IterationCount=3, LaunchCount=1, WarmupCount=3)";Mbs=10;1;Workload;Actual;3;996345000;256;3891972.66;0;0;0;1024
Benchy.CopyReadFlow;;Benchy;CopyReadFlow;ShortRun;Default;Default;Default;Default;Default;Default;Default;Default;Default;Default;Default;Default;Default;Default;Default;Default;Default;Default;Default;Default;Default;Default;Default;Default;Default;Default;Default;Default;Default;Default;3;Default;1;Default;Default;Default;Default;Default;Default;Default;3;"ShortRun(IterationCount=3, LaunchCount=1, WarmupCount=3)";Mbs=10;1;Workload;Result;1;1009177600;256;3942100;0;0;0;1024
Benchy.CopyReadFlow;;Benchy;CopyReadFlow;ShortRun;Default;Default;Default;Default;Default;Default;Default;Default;Default;Default;Default;Default;Default;Default;Default;Default;Default;Default;Default;Default;Default;Default;Default;Default;Default;Default;Default;Default;Default;Default;3;Default;1;Default;Default;Default;Default;Default;Default;Default;3;"ShortRun(IterationCount=3, LaunchCount=1, WarmupCount=3)";Mbs=10;1;Workload;Result;2;994719100;256;3885621.48;0;0;0;1024
Benchy.CopyReadFlow;;Benchy;CopyReadFlow;ShortRun;Default;Default;Default;Default;Default;Default;Default;Default;Default;Default;Default;Default;Default;Default;Default;Default;Default;Default;Default;Default;Default;Default;Default;Default;Default;Default;Default;Default;Default;Default;3;Default;1;Default;Default;Default;Default;Default;Default;Default;3;"ShortRun(IterationCount=3, LaunchCount=1, WarmupCount=3)";Mbs=10;1;Workload;Result;3;996344200;256;3891969.53;0;0;0;1024
Benchy.CopyWriteFlow;;Benchy;CopyWriteFlow;ShortRun;Default;Default;Default;Default;Default;Default;Default;Default;Default;Default;Default;Default;Default;Default;Default;Default;Default;Default;Default;Default;Default;Default;Default;Default;Default;Default;Default;Default;Default;Default;3;Default;1;Default;Default;Default;Default;Default;Default;Default;3;"ShortRun(IterationCount=3, LaunchCount=1, WarmupCount=3)";Mbs=100;1;Overhead;Jitting;1;160100;1;160100;0;0;0;1024
Benchy.CopyWriteFlow;;Benchy;CopyWriteFlow;ShortRun;Default;Default;Default;Default;Default;Default;Default;Default;Default;Default;Default;Default;Default;Default;Default;Default;Default;Default;Default;Default;Default;Default;Default;Default;Default;Default;Default;Default;Default;Default;3;Default;1;Default;Default;Default;Default;Default;Default;Default;3;"ShortRun(IterationCount=3, LaunchCount=1, WarmupCount=3)";Mbs=100;1;Workload;Jitting;1;43110000;1;43110000;0;0;0;1024
Benchy.CopyWriteFlow;;Benchy;CopyWriteFlow;ShortRun;Default;Default;Default;Default;Default;Default;Default;Default;Default;Default;Default;Default;Default;Default;Default;Default;Default;Default;Default;Default;Default;Default;Default;Default;Default;Default;Default;Default;Default;Default;3;Default;1;Default;Default;Default;Default;Default;Default;Default;3;"ShortRun(IterationCount=3, LaunchCount=1, WarmupCount=3)";Mbs=100;1;Workload;Pilot;1;93397800;2;46698900;0;0;0;1024
Benchy.CopyWriteFlow;;Benchy;CopyWriteFlow;ShortRun;Default;Default;Default;Default;Default;Default;Default;Default;Default;Default;Default;Default;Default;Default;Default;Default;Default;Default;Default;Default;Default;Default;Default;Default;Default;Default;Default;Default;Default;Default;3;Default;1;Default;Default;Default;Default;Default;Default;Default;3;"ShortRun(IterationCount=3, LaunchCount=1, WarmupCount=3)";Mbs=100;1;Workload;Pilot;2;136999200;3;45666400;0;0;0;1024
Benchy.CopyWriteFlow;;Benchy;CopyWriteFlow;ShortRun;Default;Default;Default;Default;Default;Default;Default;Default;Default;Default;Default;Default;Default;Default;Default;Default;Default;Default;Default;Default;Default;Default;Default;Default;Default;Default;Default;Default;Default;Default;3;Default;1;Default;Default;Default;Default;Default;Default;Default;3;"ShortRun(IterationCount=3, LaunchCount=1, WarmupCount=3)";Mbs=100;1;Workload;Pilot;3;182339700;4;45584925;0;0;0;1024
Benchy.CopyWriteFlow;;Benchy;CopyWriteFlow;ShortRun;Default;Default;Default;Default;Default;Default;Default;Default;Default;Default;Default;Default;Default;Default;Default;Default;Default;Default;Default;Default;Default;Default;Default;Default;Default;Default;Default;Default;Default;Default;3;Default;1;Default;Default;Default;Default;Default;Default;Default;3;"ShortRun(IterationCount=3, LaunchCount=1, WarmupCount=3)";Mbs=100;1;Workload;Pilot;4;227863200;5;45572640;0;0;0;1024
Benchy.CopyWriteFlow;;Benchy;CopyWriteFlow;ShortRun;Default;Default;Default;Default;Default;Default;Default;Default;Default;Default;Default;Default;Default;Default;Default;Default;Default;Default;Default;Default;Default;Default;Default;Default;Default;Default;Default;Default;Default;Default;3;Default;1;Default;Default;Default;Default;Default;Default;Default;3;"ShortRun(IterationCount=3, LaunchCount=1, WarmupCount=3)";Mbs=100;1;Workload;Pilot;5;273224500;6;45537416.67;0;0;0;1024
Benchy.CopyWriteFlow;;Benchy;CopyWriteFlow;ShortRun;Default;Default;Default;Default;Default;Default;Default;Default;Default;Default;Default;Default;Default;Default;Default;Default;Default;Default;Default;Default;Default;Default;Default;Default;Default;Default;Default;Default;Default;Default;3;Default;1;Default;Default;Default;Default;Default;Default;Default;3;"ShortRun(IterationCount=3, LaunchCount=1, WarmupCount=3)";Mbs=100;1;Workload;Pilot;6;323056100;7;46150871.43;0;0;0;1024
Benchy.CopyWriteFlow;;Benchy;CopyWriteFlow;ShortRun;Default;Default;Default;Default;Default;Default;Default;Default;Default;Default;Default;Default;Default;Default;Default;Default;Default;Default;Default;Default;Default;Default;Default;Default;Default;Default;Default;Default;Default;Default;3;Default;1;Default;Default;Default;Default;Default;Default;Default;3;"ShortRun(IterationCount=3, LaunchCount=1, WarmupCount=3)";Mbs=100;1;Workload;Pilot;7;362753500;8;45344187.5;0;0;0;1024
Benchy.CopyWriteFlow;;Benchy;CopyWriteFlow;ShortRun;Default;Default;Default;Default;Default;Default;Default;Default;Default;Default;Default;Default;Default;Default;Default;Default;Default;Default;Default;Default;Default;Default;Default;Default;Default;Default;Default;Default;Default;Default;3;Default;1;Default;Default;Default;Default;Default;Default;Default;3;"ShortRun(IterationCount=3, LaunchCount=1, WarmupCount=3)";Mbs=100;1;Workload;Pilot;8;407184400;9;45242711.11;0;0;0;1024
Benchy.CopyWriteFlow;;Benchy;CopyWriteFlow;ShortRun;Default;Default;Default;Default;Default;Default;Default;Default;Default;Default;Default;Default;Default;Default;Default;Default;Default;Default;Default;Default;Default;Default;Default;Default;Default;Default;Default;Default;Default;Default;3;Default;1;Default;Default;Default;Default;Default;Default;Default;3;"ShortRun(IterationCount=3, LaunchCount=1, WarmupCount=3)";Mbs=100;1;Workload;Pilot;9;463046800;10;46304680;0;0;0;1024
Benchy.CopyWriteFlow;;Benchy;CopyWriteFlow;ShortRun;Default;Default;Default;Default;Default;Default;Default;Default;Default;Default;Default;Default;Default;Default;Default;Default;Default;Default;Default;Default;Default;Default;Default;Default;Default;Default;Default;Default;Default;Default;3;Default;1;Default;Default;Default;Default;Default;Default;Default;3;"ShortRun(IterationCount=3, LaunchCount=1, WarmupCount=3)";Mbs=100;1;Workload;Pilot;10;496154200;11;45104927.27;0;0;0;1024
Benchy.CopyWriteFlow;;Benchy;CopyWriteFlow;ShortRun;Default;Default;Default;Default;Default;Default;Default;Default;Default;Default;Default;Default;Default;Default;Default;Default;Default;Default;Default;Default;Default;Default;Default;Default;Default;Default;Default;Default;Default;Default;3;Default;1;Default;Default;Default;Default;Default;Default;Default;3;"ShortRun(IterationCount=3, LaunchCount=1, WarmupCount=3)";Mbs=100;1;Workload;Pilot;11;541534200;12;45127850;0;0;0;1024
Benchy.CopyWriteFlow;;Benchy;CopyWriteFlow;ShortRun;Default;Default;Default;Default;Default;Default;Default;Default;Default;Default;Default;Default;Default;Default;Default;Default;Default;Default;Default;Default;Default;Default;Default;Default;Default;Default;Default;Default;Default;Default;3;Default;1;Default;Default;Default;Default;Default;Default;Default;3;"ShortRun(IterationCount=3, LaunchCount=1, WarmupCount=3)";Mbs=100;1;Workload;Warmup;1;543636100;12;45303008.33;0;0;0;1024
Benchy.CopyWriteFlow;;Benchy;CopyWriteFlow;ShortRun;Default;Default;Default;Default;Default;Default;Default;Default;Default;Default;Default;Default;Default;Default;Default;Default;Default;Default;Default;Default;Default;Default;Default;Default;Default;Default;Default;Default;Default;Default;3;Default;1;Default;Default;Default;Default;Default;Default;Default;3;"ShortRun(IterationCount=3, LaunchCount=1, WarmupCount=3)";Mbs=100;1;Workload;Warmup;2;541534200;12;45127850;0;0;0;1024
Benchy.CopyWriteFlow;;Benchy;CopyWriteFlow;ShortRun;Default;Default;Default;Default;Default;Default;Default;Default;Default;Default;Default;Default;Default;Default;Default;Default;Default;Default;Default;Default;Default;Default;Default;Default;Default;Default;Default;Default;Default;Default;3;Default;1;Default;Default;Default;Default;Default;Default;Default;3;"ShortRun(IterationCount=3, LaunchCount=1, WarmupCount=3)";Mbs=100;1;Workload;Warmup;3;545670100;12;45472508.33;0;0;0;1024
Benchy.CopyWriteFlow;;Benchy;CopyWriteFlow;ShortRun;Default;Default;Default;Default;Default;Default;Default;Default;Default;Default;Default;Default;Default;Default;Default;Default;Default;Default;Default;Default;Default;Default;Default;Default;Default;Default;Default;Default;Default;Default;3;Default;1;Default;Default;Default;Default;Default;Default;Default;3;"ShortRun(IterationCount=3, LaunchCount=1, WarmupCount=3)";Mbs=100;1;Workload;Actual;1;544714400;12;45392866.67;0;0;0;1024
Benchy.CopyWriteFlow;;Benchy;CopyWriteFlow;ShortRun;Default;Default;Default;Default;Default;Default;Default;Default;Default;Default;Default;Default;Default;Default;Default;Default;Default;Default;Default;Default;Default;Default;Default;Default;Default;Default;Default;Default;Default;Default;3;Default;1;Default;Default;Default;Default;Default;Default;Default;3;"ShortRun(IterationCount=3, LaunchCount=1, WarmupCount=3)";Mbs=100;1;Workload;Actual;2;547859300;12;45654941.67;0;0;0;1024
Benchy.CopyWriteFlow;;Benchy;CopyWriteFlow;ShortRun;Default;Default;Default;Default;Default;Default;Default;Default;Default;Default;Default;Default;Default;Default;Default;Default;Default;Default;Default;Default;Default;Default;Default;Default;Default;Default;Default;Default;Default;Default;3;Default;1;Default;Default;Default;Default;Default;Default;Default;3;"ShortRun(IterationCount=3, LaunchCount=1, WarmupCount=3)";Mbs=100;1;Workload;Actual;3;543282700;12;45273558.33;0;0;0;1024
Benchy.CopyWriteFlow;;Benchy;CopyWriteFlow;ShortRun;Default;Default;Default;Default;Default;Default;Default;Default;Default;Default;Default;Default;Default;Default;Default;Default;Default;Default;Default;Default;Default;Default;Default;Default;Default;Default;Default;Default;Default;Default;3;Default;1;Default;Default;Default;Default;Default;Default;Default;3;"ShortRun(IterationCount=3, LaunchCount=1, WarmupCount=3)";Mbs=100;1;Workload;Result;1;544714400;12;45392866.67;0;0;0;1024
Benchy.CopyWriteFlow;;Benchy;CopyWriteFlow;ShortRun;Default;Default;Default;Default;Default;Default;Default;Default;Default;Default;Default;Default;Default;Default;Default;Default;Default;Default;Default;Default;Default;Default;Default;Default;Default;Default;Default;Default;Default;Default;3;Default;1;Default;Default;Default;Default;Default;Default;Default;3;"ShortRun(IterationCount=3, LaunchCount=1, WarmupCount=3)";Mbs=100;1;Workload;Result;2;547859300;12;45654941.67;0;0;0;1024
Benchy.CopyWriteFlow;;Benchy;CopyWriteFlow;ShortRun;Default;Default;Default;Default;Default;Default;Default;Default;Default;Default;Default;Default;Default;Default;Default;Default;Default;Default;Default;Default;Default;Default;Default;Default;Default;Default;Default;Default;Default;Default;3;Default;1;Default;Default;Default;Default;Default;Default;Default;3;"ShortRun(IterationCount=3, LaunchCount=1, WarmupCount=3)";Mbs=100;1;Workload;Result;3;543282700;12;45273558.33;0;0;0;1024
Benchy.CopyReadFlow;;Benchy;CopyReadFlow;ShortRun;Default;Default;Default;Default;Default;Default;Default;Default;Default;Default;Default;Default;Default;Default;Default;Default;Default;Default;Default;Default;Default;Default;Default;Default;Default;Default;Default;Default;Default;Default;3;Default;1;Default;Default;Default;Default;Default;Default;Default;3;"ShortRun(IterationCount=3, LaunchCount=1, WarmupCount=3)";Mbs=100;1;Overhead;Jitting;1;151900;1;151900;0;0;0;1024
Benchy.CopyReadFlow;;Benchy;CopyReadFlow;ShortRun;Default;Default;Default;Default;Default;Default;Default;Default;Default;Default;Default;Default;Default;Default;Default;Default;Default;Default;Default;Default;Default;Default;Default;Default;Default;Default;Default;Default;Default;Default;3;Default;1;Default;Default;Default;Default;Default;Default;Default;3;"ShortRun(IterationCount=3, LaunchCount=1, WarmupCount=3)";Mbs=100;1;Workload;Jitting;1;43848200;1;43848200;0;0;0;1024
Benchy.CopyReadFlow;;Benchy;CopyReadFlow;ShortRun;Default;Default;Default;Default;Default;Default;Default;Default;Default;Default;Default;Default;Default;Default;Default;Default;Default;Default;Default;Default;Default;Default;Default;Default;Default;Default;Default;Default;Default;Default;3;Default;1;Default;Default;Default;Default;Default;Default;Default;3;"ShortRun(IterationCount=3, LaunchCount=1, WarmupCount=3)";Mbs=100;1;Workload;Pilot;1;81866000;2;40933000;0;0;0;1024
Benchy.CopyReadFlow;;Benchy;CopyReadFlow;ShortRun;Default;Default;Default;Default;Default;Default;Default;Default;Default;Default;Default;Default;Default;Default;Default;Default;Default;Default;Default;Default;Default;Default;Default;Default;Default;Default;Default;Default;Default;Default;3;Default;1;Default;Default;Default;Default;Default;Default;Default;3;"ShortRun(IterationCount=3, LaunchCount=1, WarmupCount=3)";Mbs=100;1;Workload;Pilot;2;120269700;3;40089900;0;0;0;1024
Benchy.CopyReadFlow;;Benchy;CopyReadFlow;ShortRun;Default;Default;Default;Default;Default;Default;Default;Default;Default;Default;Default;Default;Default;Default;Default;Default;Default;Default;Default;Default;Default;Default;Default;Default;Default;Default;Default;Default;Default;Default;3;Default;1;Default;Default;Default;Default;Default;Default;Default;3;"ShortRun(IterationCount=3, LaunchCount=1, WarmupCount=3)";Mbs=100;1;Workload;Pilot;3;161620500;4;40405125;0;0;0;1024
Benchy.CopyReadFlow;;Benchy;CopyReadFlow;ShortRun;Default;Default;Default;Default;Default;Default;Default;Default;Default;Default;Default;Default;Default;Default;Default;Default;Default;Default;Default;Default;Default;Default;Default;Default;Default;Default;Default;Default;Default;Default;3;Default;1;Default;Default;Default;Default;Default;Default;Default;3;"ShortRun(IterationCount=3, LaunchCount=1, WarmupCount=3)";Mbs=100;1;Workload;Pilot;4;202209200;5;40441840;0;0;0;1024
Benchy.CopyReadFlow;;Benchy;CopyReadFlow;ShortRun;Default;Default;Default;Default;Default;Default;Default;Default;Default;Default;Default;Default;Default;Default;Default;Default;Default;Default;Default;Default;Default;Default;Default;Default;Default;Default;Default;Default;Default;Default;3;Default;1;Default;Default;Default;Default;Default;Default;Default;3;"ShortRun(IterationCount=3, LaunchCount=1, WarmupCount=3)";Mbs=100;1;Workload;Pilot;5;239699200;6;39949866.67;0;0;0;1024
Benchy.CopyReadFlow;;Benchy;CopyReadFlow;ShortRun;Default;Default;Default;Default;Default;Default;Default;Default;Default;Default;Default;Default;Default;Default;Default;Default;Default;Default;Default;Default;Default;Default;Default;Default;Default;Default;Default;Default;Default;Default;3;Default;1;Default;Default;Default;Default;Default;Default;Default;3;"ShortRun(IterationCount=3, LaunchCount=1, WarmupCount=3)";Mbs=100;1;Workload;Pilot;6;281271100;7;40181585.71;0;0;0;1024
Benchy.CopyReadFlow;;Benchy;CopyReadFlow;ShortRun;Default;Default;Default;Default;Default;Default;Default;Default;Default;Default;Default;Default;Default;Default;Default;Default;Default;Default;Default;Default;Default;Default;Default;Default;Default;Default;Default;Default;Default;Default;3;Default;1;Default;Default;Default;Default;Default;Default;Default;3;"ShortRun(IterationCount=3, LaunchCount=1, WarmupCount=3)";Mbs=100;1;Workload;Pilot;7;318396600;8;39799575;0;0;0;1024
Benchy.CopyReadFlow;;Benchy;CopyReadFlow;ShortRun;Default;Default;Default;Default;Default;Default;Default;Default;Default;Default;Default;Default;Default;Default;Default;Default;Default;Default;Default;Default;Default;Default;Default;Default;Default;Default;Default;Default;Default;Default;3;Default;1;Default;Default;Default;Default;Default;Default;Default;3;"ShortRun(IterationCount=3, LaunchCount=1, WarmupCount=3)";Mbs=100;1;Workload;Pilot;8;360496500;9;40055166.67;0;0;0;1024
Benchy.CopyReadFlow;;Benchy;CopyReadFlow;ShortRun;Default;Default;Default;Default;Default;Default;Default;Default;Default;Default;Default;Default;Default;Default;Default;Default;Default;Default;Default;Default;Default;Default;Default;Default;Default;Default;Default;Default;Default;Default;3;Default;1;Default;Default;Default;Default;Default;Default;Default;3;"ShortRun(IterationCount=3, LaunchCount=1, WarmupCount=3)";Mbs=100;1;Workload;Pilot;9;404732600;10;40473260;0;0;0;1024
Benchy.CopyReadFlow;;Benchy;CopyReadFlow;ShortRun;Default;Default;Default;Default;Default;Default;Default;Default;Default;Default;Default;Default;Default;Default;Default;Default;Default;Default;Default;Default;Default;Default;Default;Default;Default;Default;Default;Default;Default;Default;3;Default;1;Default;Default;Default;Default;Default;Default;Default;3;"ShortRun(IterationCount=3, LaunchCount=1, WarmupCount=3)";Mbs=100;1;Workload;Pilot;10;442241900;11;40203809.09;0;0;0;1024
Benchy.CopyReadFlow;;Benchy;CopyReadFlow;ShortRun;Default;Default;Default;Default;Default;Default;Default;Default;Default;Default;Default;Default;Default;Default;Default;Default;Default;Default;Default;Default;Default;Default;Default;Default;Default;Default;Default;Default;Default;Default;3;Default;1;Default;Default;Default;Default;Default;Default;Default;3;"ShortRun(IterationCount=3, LaunchCount=1, WarmupCount=3)";Mbs=100;1;Workload;Pilot;11;480176100;12;40014675;0;0;0;1024
Benchy.CopyReadFlow;;Benchy;CopyReadFlow;ShortRun;Default;Default;Default;Default;Default;Default;Default;Default;Default;Default;Default;Default;Default;Default;Default;Default;Default;Default;Default;Default;Default;Default;Default;Default;Default;Default;Default;Default;Default;Default;3;Default;1;Default;Default;Default;Default;Default;Default;Default;3;"ShortRun(IterationCount=3, LaunchCount=1, WarmupCount=3)";Mbs=100;1;Workload;Pilot;12;522629600;13;40202276.92;0;0;0;1024
Benchy.CopyReadFlow;;Benchy;CopyReadFlow;ShortRun;Default;Default;Default;Default;Default;Default;Default;Default;Default;Default;Default;Default;Default;Default;Default;Default;Default;Default;Default;Default;Default;Default;Default;Default;Default;Default;Default;Default;Default;Default;3;Default;1;Default;Default;Default;Default;Default;Default;Default;3;"ShortRun(IterationCount=3, LaunchCount=1, WarmupCount=3)";Mbs=100;1;Workload;Warmup;1;524650100;13;40357700;0;0;0;1024
Benchy.CopyReadFlow;;Benchy;CopyReadFlow;ShortRun;Default;Default;Default;Default;Default;Default;Default;Default;Default;Default;Default;Default;Default;Default;Default;Default;Default;Default;Default;Default;Default;Default;Default;Default;Default;Default;Default;Default;Default;Default;3;Default;1;Default;Default;Default;Default;Default;Default;Default;3;"ShortRun(IterationCount=3, LaunchCount=1, WarmupCount=3)";Mbs=100;1;Workload;Warmup;2;526467200;13;40497476.92;0;0;0;1024
Benchy.CopyReadFlow;;Benchy;CopyReadFlow;ShortRun;Default;Default;Default;Default;Default;Default;Default;Default;Default;Default;Default;Default;Default;Default;Default;Default;Default;Default;Default;Default;Default;Default;Default;Default;Default;Default;Default;Default;Default;Default;3;Default;1;Default;Default;Default;Default;Default;Default;Default;3;"ShortRun(IterationCount=3, LaunchCount=1, WarmupCount=3)";Mbs=100;1;Workload;Warmup;3;520679200;13;40052246.15;0;0;0;1024
Benchy.CopyReadFlow;;Benchy;CopyReadFlow;ShortRun;Default;Default;Default;Default;Default;Default;Default;Default;Default;Default;Default;Default;Default;Default;Default;Default;Default;Default;Default;Default;Default;Default;Default;Default;Default;Default;Default;Default;Default;Default;3;Default;1;Default;Default;Default;Default;Default;Default;Default;3;"ShortRun(IterationCount=3, LaunchCount=1, WarmupCount=3)";Mbs=100;1;Workload;Actual;1;520178000;13;40013692.31;0;0;0;1024
Benchy.CopyReadFlow;;Benchy;CopyReadFlow;ShortRun;Default;Default;Default;Default;Default;Default;Default;Default;Default;Default;Default;Default;Default;Default;Default;Default;Default;Default;Default;Default;Default;Default;Default;Default;Default;Default;Default;Default;Default;Default;3;Default;1;Default;Default;Default;Default;Default;Default;Default;3;"ShortRun(IterationCount=3, LaunchCount=1, WarmupCount=3)";Mbs=100;1;Workload;Actual;2;519662700;13;39974053.85;0;0;0;1024
Benchy.CopyReadFlow;;Benchy;CopyReadFlow;ShortRun;Default;Default;Default;Default;Default;Default;Default;Default;Default;Default;Default;Default;Default;Default;Default;Default;Default;Default;Default;Default;Default;Default;Default;Default;Default;Default;Default;Default;Default;Default;3;Default;1;Default;Default;Default;Default;Default;Default;Default;3;"ShortRun(IterationCount=3, LaunchCount=1, WarmupCount=3)";Mbs=100;1;Workload;Actual;3;519447500;13;39957500;0;0;0;1024
Benchy.CopyReadFlow;;Benchy;CopyReadFlow;ShortRun;Default;Default;Default;Default;Default;Default;Default;Default;Default;Default;Default;Default;Default;Default;Default;Default;Default;Default;Default;Default;Default;Default;Default;Default;Default;Default;Default;Default;Default;Default;3;Default;1;Default;Default;Default;Default;Default;Default;Default;3;"ShortRun(IterationCount=3, LaunchCount=1, WarmupCount=3)";Mbs=100;1;Workload;Result;1;520178000;13;40013692.31;0;0;0;1024
Benchy.CopyReadFlow;;Benchy;CopyReadFlow;ShortRun;Default;Default;Default;Default;Default;Default;Default;Default;Default;Default;Default;Default;Default;Default;Default;Default;Default;Default;Default;Default;Default;Default;Default;Default;Default;Default;Default;Default;Default;Default;3;Default;1;Default;Default;Default;Default;Default;Default;Default;3;"ShortRun(IterationCount=3, LaunchCount=1, WarmupCount=3)";Mbs=100;1;Workload;Result;2;519662700;13;39974053.85;0;0;0;1024
Benchy.CopyReadFlow;;Benchy;CopyReadFlow;ShortRun;Default;Default;Default;Default;Default;Default;Default;Default;Default;Default;Default;Default;Default;Default;Default;Default;Default;Default;Default;Default;Default;Default;Default;Default;Default;Default;Default;Default;Default;Default;3;Default;1;Default;Default;Default;Default;Default;Default;Default;3;"ShortRun(IterationCount=3, LaunchCount=1, WarmupCount=3)";Mbs=100;1;Workload;Result;3;519447500;13;39957500;0;0;0;1024
Benchy.CopyWriteFlow;;Benchy;CopyWriteFlow;ShortRun;Default;Default;Default;Default;Default;Default;Default;Default;Default;Default;Default;Default;Default;Default;Default;Default;Default;Default;Default;Default;Default;Default;Default;Default;Default;Default;Default;Default;Default;Default;3;Default;1;Default;Default;Default;Default;Default;Default;Default;3;"ShortRun(IterationCount=3, LaunchCount=1, WarmupCount=3)";Mbs=1000;1;Overhead;Jitting;1;167900;1;167900;0;0;0;1248
Benchy.CopyWriteFlow;;Benchy;CopyWriteFlow;ShortRun;Default;Default;Default;Default;Default;Default;Default;Default;Default;Default;Default;Default;Default;Default;Default;Default;Default;Default;Default;Default;Default;Default;Default;Default;Default;Default;Default;Default;Default;Default;3;Default;1;Default;Default;Default;Default;Default;Default;Default;3;"ShortRun(IterationCount=3, LaunchCount=1, WarmupCount=3)";Mbs=1000;1;Workload;Jitting;1;385696200;1;385696200;0;0;0;1248
Benchy.CopyWriteFlow;;Benchy;CopyWriteFlow;ShortRun;Default;Default;Default;Default;Default;Default;Default;Default;Default;Default;Default;Default;Default;Default;Default;Default;Default;Default;Default;Default;Default;Default;Default;Default;Default;Default;Default;Default;Default;Default;3;Default;1;Default;Default;Default;Default;Default;Default;Default;3;"ShortRun(IterationCount=3, LaunchCount=1, WarmupCount=3)";Mbs=1000;1;Workload;Warmup;1;441483100;1;441483100;0;0;0;1248
Benchy.CopyWriteFlow;;Benchy;CopyWriteFlow;ShortRun;Default;Default;Default;Default;Default;Default;Default;Default;Default;Default;Default;Default;Default;Default;Default;Default;Default;Default;Default;Default;Default;Default;Default;Default;Default;Default;Default;Default;Default;Default;3;Default;1;Default;Default;Default;Default;Default;Default;Default;3;"ShortRun(IterationCount=3, LaunchCount=1, WarmupCount=3)";Mbs=1000;1;Workload;Warmup;2;444617000;1;444617000;0;0;0;1248
Benchy.CopyWriteFlow;;Benchy;CopyWriteFlow;ShortRun;Default;Default;Default;Default;Default;Default;Default;Default;Default;Default;Default;Default;Default;Default;Default;Default;Default;Default;Default;Default;Default;Default;Default;Default;Default;Default;Default;Default;Default;Default;3;Default;1;Default;Default;Default;Default;Default;Default;Default;3;"ShortRun(IterationCount=3, LaunchCount=1, WarmupCount=3)";Mbs=1000;1;Workload;Warmup;3;446802000;1;446802000;0;0;0;1248
Benchy.CopyWriteFlow;;Benchy;CopyWriteFlow;ShortRun;Default;Default;Default;Default;Default;Default;Default;Default;Default;Default;Default;Default;Default;Default;Default;Default;Default;Default;Default;Default;Default;Default;Default;Default;Default;Default;Default;Default;Default;Default;3;Default;1;Default;Default;Default;Default;Default;Default;Default;3;"ShortRun(IterationCount=3, LaunchCount=1, WarmupCount=3)";Mbs=1000;1;Workload;Actual;1;446365600;1;446365600;0;0;0;1248
Benchy.CopyWriteFlow;;Benchy;CopyWriteFlow;ShortRun;Default;Default;Default;Default;Default;Default;Default;Default;Default;Default;Default;Default;Default;Default;Default;Default;Default;Default;Default;Default;Default;Default;Default;Default;Default;Default;Default;Default;Default;Default;3;Default;1;Default;Default;Default;Default;Default;Default;Default;3;"ShortRun(IterationCount=3, LaunchCount=1, WarmupCount=3)";Mbs=1000;1;Workload;Actual;2;441735200;1;441735200;0;0;0;1248
Benchy.CopyWriteFlow;;Benchy;CopyWriteFlow;ShortRun;Default;Default;Default;Default;Default;Default;Default;Default;Default;Default;Default;Default;Default;Default;Default;Default;Default;Default;Default;Default;Default;Default;Default;Default;Default;Default;Default;Default;Default;Default;3;Default;1;Default;Default;Default;Default;Default;Default;Default;3;"ShortRun(IterationCount=3, LaunchCount=1, WarmupCount=3)";Mbs=1000;1;Workload;Actual;3;444538300;1;444538300;0;0;0;1248
Benchy.CopyWriteFlow;;Benchy;CopyWriteFlow;ShortRun;Default;Default;Default;Default;Default;Default;Default;Default;Default;Default;Default;Default;Default;Default;Default;Default;Default;Default;Default;Default;Default;Default;Default;Default;Default;Default;Default;Default;Default;Default;3;Default;1;Default;Default;Default;Default;Default;Default;Default;3;"ShortRun(IterationCount=3, LaunchCount=1, WarmupCount=3)";Mbs=1000;1;Workload;Result;1;446365600;1;446365600;0;0;0;1248
Benchy.CopyWriteFlow;;Benchy;CopyWriteFlow;ShortRun;Default;Default;Default;Default;Default;Default;Default;Default;Default;Default;Default;Default;Default;Default;Default;Default;Default;Default;Default;Default;Default;Default;Default;Default;Default;Default;Default;Default;Default;Default;3;Default;1;Default;Default;Default;Default;Default;Default;Default;3;"ShortRun(IterationCount=3, LaunchCount=1, WarmupCount=3)";Mbs=1000;1;Workload;Result;2;441735200;1;441735200;0;0;0;1248
Benchy.CopyWriteFlow;;Benchy;CopyWriteFlow;ShortRun;Default;Default;Default;Default;Default;Default;Default;Default;Default;Default;Default;Default;Default;Default;Default;Default;Default;Default;Default;Default;Default;Default;Default;Default;Default;Default;Default;Default;Default;Default;3;Default;1;Default;Default;Default;Default;Default;Default;Default;3;"ShortRun(IterationCount=3, LaunchCount=1, WarmupCount=3)";Mbs=1000;1;Workload;Result;3;444538300;1;444538300;0;0;0;1248
Benchy.CopyReadFlow;;Benchy;CopyReadFlow;ShortRun;Default;Default;Default;Default;Default;Default;Default;Default;Default;Default;Default;Default;Default;Default;Default;Default;Default;Default;Default;Default;Default;Default;Default;Default;Default;Default;Default;Default;Default;Default;3;Default;1;Default;Default;Default;Default;Default;Default;Default;3;"ShortRun(IterationCount=3, LaunchCount=1, WarmupCount=3)";Mbs=1000;1;Overhead;Jitting;1;156500;1;156500;0;0;0;1248
Benchy.CopyReadFlow;;Benchy;CopyReadFlow;ShortRun;Default;Default;Default;Default;Default;Default;Default;Default;Default;Default;Default;Default;Default;Default;Default;Default;Default;Default;Default;Default;Default;Default;Default;Default;Default;Default;Default;Default;Default;Default;3;Default;1;Default;Default;Default;Default;Default;Default;Default;3;"ShortRun(IterationCount=3, LaunchCount=1, WarmupCount=3)";Mbs=1000;1;Workload;Jitting;1;391286500;1;391286500;0;0;0;1248
Benchy.CopyReadFlow;;Benchy;CopyReadFlow;ShortRun;Default;Default;Default;Default;Default;Default;Default;Default;Default;Default;Default;Default;Default;Default;Default;Default;Default;Default;Default;Default;Default;Default;Default;Default;Default;Default;Default;Default;Default;Default;3;Default;1;Default;Default;Default;Default;Default;Default;Default;3;"ShortRun(IterationCount=3, LaunchCount=1, WarmupCount=3)";Mbs=1000;1;Workload;Warmup;1;402131600;1;402131600;0;0;0;1248
Benchy.CopyReadFlow;;Benchy;CopyReadFlow;ShortRun;Default;Default;Default;Default;Default;Default;Default;Default;Default;Default;Default;Default;Default;Default;Default;Default;Default;Default;Default;Default;Default;Default;Default;Default;Default;Default;Default;Default;Default;Default;3;Default;1;Default;Default;Default;Default;Default;Default;Default;3;"ShortRun(IterationCount=3, LaunchCount=1, WarmupCount=3)";Mbs=1000;1;Workload;Warmup;2;390437200;1;390437200;0;0;0;1248
Benchy.CopyReadFlow;;Benchy;CopyReadFlow;ShortRun;Default;Default;Default;Default;Default;Default;Default;Default;Default;Default;Default;Default;Default;Default;Default;Default;Default;Default;Default;Default;Default;Default;Default;Default;Default;Default;Default;Default;Default;Default;3;Default;1;Default;Default;Default;Default;Default;Default;Default;3;"ShortRun(IterationCount=3, LaunchCount=1, WarmupCount=3)";Mbs=1000;1;Workload;Warmup;3;396477300;1;396477300;0;0;0;1248
Benchy.CopyReadFlow;;Benchy;CopyReadFlow;ShortRun;Default;Default;Default;Default;Default;Default;Default;Default;Default;Default;Default;Default;Default;Default;Default;Default;Default;Default;Default;Default;Default;Default;Default;Default;Default;Default;Default;Default;Default;Default;3;Default;1;Default;Default;Default;Default;Default;Default;Default;3;"ShortRun(IterationCount=3, LaunchCount=1, WarmupCount=3)";Mbs=1000;1;Workload;Actual;1;391963400;1;391963400;0;0;0;1248
Benchy.CopyReadFlow;;Benchy;CopyReadFlow;ShortRun;Default;Default;Default;Default;Default;Default;Default;Default;Default;Default;Default;Default;Default;Default;Default;Default;Default;Default;Default;Default;Default;Default;Default;Default;Default;Default;Default;Default;Default;Default;3;Default;1;Default;Default;Default;Default;Default;Default;Default;3;"ShortRun(IterationCount=3, LaunchCount=1, WarmupCount=3)";Mbs=1000;1;Workload;Actual;2;391469400;1;391469400;0;0;0;1248
Benchy.CopyReadFlow;;Benchy;CopyReadFlow;ShortRun;Default;Default;Default;Default;Default;Default;Default;Default;Default;Default;Default;Default;Default;Default;Default;Default;Default;Default;Default;Default;Default;Default;Default;Default;Default;Default;Default;Default;Default;Default;3;Default;1;Default;Default;Default;Default;Default;Default;Default;3;"ShortRun(IterationCount=3, LaunchCount=1, WarmupCount=3)";Mbs=1000;1;Workload;Actual;3;402066100;1;402066100;0;0;0;1248
Benchy.CopyReadFlow;;Benchy;CopyReadFlow;ShortRun;Default;Default;Default;Default;Default;Default;Default;Default;Default;Default;Default;Default;Default;Default;Default;Default;Default;Default;Default;Default;Default;Default;Default;Default;Default;Default;Default;Default;Default;Default;3;Default;1;Default;Default;Default;Default;Default;Default;Default;3;"ShortRun(IterationCount=3, LaunchCount=1, WarmupCount=3)";Mbs=1000;1;Workload;Result;1;391963400;1;391963400;0;0;0;1248
Benchy.CopyReadFlow;;Benchy;CopyReadFlow;ShortRun;Default;Default;Default;Default;Default;Default;Default;Default;Default;Default;Default;Default;Default;Default;Default;Default;Default;Default;Default;Default;Default;Default;Default;Default;Default;Default;Default;Default;Default;Default;3;Default;1;Default;Default;Default;Default;Default;Default;Default;3;"ShortRun(IterationCount=3, LaunchCount=1, WarmupCount=3)";Mbs=1000;1;Workload;Result;2;391469400;1;391469400;0;0;0;1248
Benchy.CopyReadFlow;;Benchy;CopyReadFlow;ShortRun;Default;Default;Default;Default;Default;Default;Default;Default;Default;Default;Default;Default;Default;Default;Default;Default;Default;Default;Default;Default;Default;Default;Default;Default;Default;Default;Default;Default;Default;Default;3;Default;1;Default;Default;Default;Default;Default;Default;Default;3;"ShortRun(IterationCount=3, LaunchCount=1, WarmupCount=3)";Mbs=1000;1;Workload;Result;3;402066100;1;402066100;0;0;0;1248
Benchy.CopyWriteFlow;;Benchy;CopyWriteFlow;ShortRun;Default;Default;Default;Default;Default;Default;Default;Default;Default;Default;Default;Default;Default;Default;Default;Default;Default;Default;Default;Default;Default;Default;Default;Default;Default;Default;Default;Default;Default;Default;3;Default;1;Default;Default;Default;Default;Default;Default;Default;3;"ShortRun(IterationCount=3, LaunchCount=1, WarmupCount=3)";Mbs=10000;1;Overhead;Jitting;1;184300;1;184300;0;0;0;1248
Benchy.CopyWriteFlow;;Benchy;CopyWriteFlow;ShortRun;Default;Default;Default;Default;Default;Default;Default;Default;Default;Default;Default;Default;Default;Default;Default;Default;Default;Default;Default;Default;Default;Default;Default;Default;Default;Default;Default;Default;Default;Default;3;Default;1;Default;Default;Default;Default;Default;Default;Default;3;"ShortRun(IterationCount=3, LaunchCount=1, WarmupCount=3)";Mbs=10000;1;Workload;Jitting;1;4421407700;1;4421407700;0;0;0;1248
Benchy.CopyWriteFlow;;Benchy;CopyWriteFlow;ShortRun;Default;Default;Default;Default;Default;Default;Default;Default;Default;Default;Default;Default;Default;Default;Default;Default;Default;Default;Default;Default;Default;Default;Default;Default;Default;Default;Default;Default;Default;Default;3;Default;1;Default;Default;Default;Default;Default;Default;Default;3;"ShortRun(IterationCount=3, LaunchCount=1, WarmupCount=3)";Mbs=10000;1;Workload;Warmup;1;12217448600;1;12217448600;0;0;0;1248
Benchy.CopyWriteFlow;;Benchy;CopyWriteFlow;ShortRun;Default;Default;Default;Default;Default;Default;Default;Default;Default;Default;Default;Default;Default;Default;Default;Default;Default;Default;Default;Default;Default;Default;Default;Default;Default;Default;Default;Default;Default;Default;3;Default;1;Default;Default;Default;Default;Default;Default;Default;3;"ShortRun(IterationCount=3, LaunchCount=1, WarmupCount=3)";Mbs=10000;1;Workload;Warmup;2;13466199500;1;13466199500;0;0;0;1248
Benchy.CopyWriteFlow;;Benchy;CopyWriteFlow;ShortRun;Default;Default;Default;Default;Default;Default;Default;Default;Default;Default;Default;Default;Default;Default;Default;Default;Default;Default;Default;Default;Default;Default;Default;Default;Default;Default;Default;Default;Default;Default;3;Default;1;Default;Default;Default;Default;Default;Default;Default;3;"ShortRun(IterationCount=3, LaunchCount=1, WarmupCount=3)";Mbs=10000;1;Workload;Warmup;3;12733289900;1;12733289900;0;0;0;1248
Benchy.CopyWriteFlow;;Benchy;CopyWriteFlow;ShortRun;Default;Default;Default;Default;Default;Default;Default;Default;Default;Default;Default;Default;Default;Default;Default;Default;Default;Default;Default;Default;Default;Default;Default;Default;Default;Default;Default;Default;Default;Default;3;Default;1;Default;Default;Default;Default;Default;Default;Default;3;"ShortRun(IterationCount=3, LaunchCount=1, WarmupCount=3)";Mbs=10000;1;Workload;Actual;1;13326177400;1;13326177400;0;0;0;1248
Benchy.CopyWriteFlow;;Benchy;CopyWriteFlow;ShortRun;Default;Default;Default;Default;Default;Default;Default;Default;Default;Default;Default;Default;Default;Default;Default;Default;Default;Default;Default;Default;Default;Default;Default;Default;Default;Default;Default;Default;Default;Default;3;Default;1;Default;Default;Default;Default;Default;Default;Default;3;"ShortRun(IterationCount=3, LaunchCount=1, WarmupCount=3)";Mbs=10000;1;Workload;Actual;2;13468728800;1;13468728800;0;0;0;1248
Benchy.CopyWriteFlow;;Benchy;CopyWriteFlow;ShortRun;Default;Default;Default;Default;Default;Default;Default;Default;Default;Default;Default;Default;Default;Default;Default;Default;Default;Default;Default;Default;Default;Default;Default;Default;Default;Default;Default;Default;Default;Default;3;Default;1;Default;Default;Default;Default;Default;Default;Default;3;"ShortRun(IterationCount=3, LaunchCount=1, WarmupCount=3)";Mbs=10000;1;Workload;Actual;3;12421519300;1;12421519300;0;0;0;1248
Benchy.CopyWriteFlow;;Benchy;CopyWriteFlow;ShortRun;Default;Default;Default;Default;Default;Default;Default;Default;Default;Default;Default;Default;Default;Default;Default;Default;Default;Default;Default;Default;Default;Default;Default;Default;Default;Default;Default;Default;Default;Default;3;Default;1;Default;Default;Default;Default;Default;Default;Default;3;"ShortRun(IterationCount=3, LaunchCount=1, WarmupCount=3)";Mbs=10000;1;Workload;Result;1;13326177400;1;13326177400;0;0;0;1248
Benchy.CopyWriteFlow;;Benchy;CopyWriteFlow;ShortRun;Default;Default;Default;Default;Default;Default;Default;Default;Default;Default;Default;Default;Default;Default;Default;Default;Default;Default;Default;Default;Default;Default;Default;Default;Default;Default;Default;Default;Default;Default;3;Default;1;Default;Default;Default;Default;Default;Default;Default;3;"ShortRun(IterationCount=3, LaunchCount=1, WarmupCount=3)";Mbs=10000;1;Workload;Result;2;13468728800;1;13468728800;0;0;0;1248
Benchy.CopyWriteFlow;;Benchy;CopyWriteFlow;ShortRun;Default;Default;Default;Default;Default;Default;Default;Default;Default;Default;Default;Default;Default;Default;Default;Default;Default;Default;Default;Default;Default;Default;Default;Default;Default;Default;Default;Default;Default;Default;3;Default;1;Default;Default;Default;Default;Default;Default;Default;3;"ShortRun(IterationCount=3, LaunchCount=1, WarmupCount=3)";Mbs=10000;1;Workload;Result;3;12421519300;1;12421519300;0;0;0;1248
Benchy.CopyReadFlow;;Benchy;CopyReadFlow;ShortRun;Default;Default;Default;Default;Default;Default;Default;Default;Default;Default;Default;Default;Default;Default;Default;Default;Default;Default;Default;Default;Default;Default;Default;Default;Default;Default;Default;Default;Default;Default;3;Default;1;Default;Default;Default;Default;Default;Default;Default;3;"ShortRun(IterationCount=3, LaunchCount=1, WarmupCount=3)";Mbs=10000;1;Overhead;Jitting;1;168500;1;168500;0;0;0;2232
Benchy.CopyReadFlow;;Benchy;CopyReadFlow;ShortRun;Default;Default;Default;Default;Default;Default;Default;Default;Default;Default;Default;Default;Default;Default;Default;Default;Default;Default;Default;Default;Default;Default;Default;Default;Default;Default;Default;Default;Default;Default;3;Default;1;Default;Default;Default;Default;Default;Default;Default;3;"ShortRun(IterationCount=3, LaunchCount=1, WarmupCount=3)";Mbs=10000;1;Workload;Jitting;1;12209467700;1;12209467700;0;0;0;2232
Benchy.CopyReadFlow;;Benchy;CopyReadFlow;ShortRun;Default;Default;Default;Default;Default;Default;Default;Default;Default;Default;Default;Default;Default;Default;Default;Default;Default;Default;Default;Default;Default;Default;Default;Default;Default;Default;Default;Default;Default;Default;3;Default;1;Default;Default;Default;Default;Default;Default;Default;3;"ShortRun(IterationCount=3, LaunchCount=1, WarmupCount=3)";Mbs=10000;1;Workload;Warmup;1;13215484700;1;13215484700;0;0;0;2232
Benchy.CopyReadFlow;;Benchy;CopyReadFlow;ShortRun;Default;Default;Default;Default;Default;Default;Default;Default;Default;Default;Default;Default;Default;Default;Default;Default;Default;Default;Default;Default;Default;Default;Default;Default;Default;Default;Default;Default;Default;Default;3;Default;1;Default;Default;Default;Default;Default;Default;Default;3;"ShortRun(IterationCount=3, LaunchCount=1, WarmupCount=3)";Mbs=10000;1;Workload;Warmup;2;12717486200;1;12717486200;0;0;0;2232
Benchy.CopyReadFlow;;Benchy;CopyReadFlow;ShortRun;Default;Default;Default;Default;Default;Default;Default;Default;Default;Default;Default;Default;Default;Default;Default;Default;Default;Default;Default;Default;Default;Default;Default;Default;Default;Default;Default;Default;Default;Default;3;Default;1;Default;Default;Default;Default;Default;Default;Default;3;"ShortRun(IterationCount=3, LaunchCount=1, WarmupCount=3)";Mbs=10000;1;Workload;Warmup;3;13202446700;1;13202446700;0;0;0;2232
Benchy.CopyReadFlow;;Benchy;CopyReadFlow;ShortRun;Default;Default;Default;Default;Default;Default;Default;Default;Default;Default;Default;Default;Default;Default;Default;Default;Default;Default;Default;Default;Default;Default;Default;Default;Default;Default;Default;Default;Default;Default;3;Default;1;Default;Default;Default;Default;Default;Default;Default;3;"ShortRun(IterationCount=3, LaunchCount=1, WarmupCount=3)";Mbs=10000;1;Workload;Actual;1;13139100200;1;13139100200;0;0;0;2232
Benchy.CopyReadFlow;;Benchy;CopyReadFlow;ShortRun;Default;Default;Default;Default;Default;Default;Default;Default;Default;Default;Default;Default;Default;Default;Default;Default;Default;Default;Default;Default;Default;Default;Default;Default;Default;Default;Default;Default;Default;Default;3;Default;1;Default;Default;Default;Default;Default;Default;Default;3;"ShortRun(IterationCount=3, LaunchCount=1, WarmupCount=3)";Mbs=10000;1;Workload;Actual;2;13140714700;1;13140714700;0;0;0;2232
Benchy.CopyReadFlow;;Benchy;CopyReadFlow;ShortRun;Default;Default;Default;Default;Default;Default;Default;Default;Default;Default;Default;Default;Default;Default;Default;Default;Default;Default;Default;Default;Default;Default;Default;Default;Default;Default;Default;Default;Default;Default;3;Default;1;Default;Default;Default;Default;Default;Default;Default;3;"ShortRun(IterationCount=3, LaunchCount=1, WarmupCount=3)";Mbs=10000;1;Workload;Actual;3;12936032200;1;12936032200;0;0;0;2232
Benchy.CopyReadFlow;;Benchy;CopyReadFlow;ShortRun;Default;Default;Default;Default;Default;Default;Default;Default;Default;Default;Default;Default;Default;Default;Default;Default;Default;Default;Default;Default;Default;Default;Default;Default;Default;Default;Default;Default;Default;Default;3;Default;1;Default;Default;Default;Default;Default;Default;Default;3;"ShortRun(IterationCount=3, LaunchCount=1, WarmupCount=3)";Mbs=10000;1;Workload;Result;1;13139100200;1;13139100200;0;0;0;2232
Benchy.CopyReadFlow;;Benchy;CopyReadFlow;ShortRun;Default;Default;Default;Default;Default;Default;Default;Default;Default;Default;Default;Default;Default;Default;Default;Default;Default;Default;Default;Default;Default;Default;Default;Default;Default;Default;Default;Default;Default;Default;3;Default;1;Default;Default;Default;Default;Default;Default;Default;3;"ShortRun(IterationCount=3, LaunchCount=1, WarmupCount=3)";Mbs=10000;1;Workload;Result;2;13140714700;1;13140714700;0;0;0;2232
Benchy.CopyReadFlow;;Benchy;CopyReadFlow;ShortRun;Default;Default;Default;Default;Default;Default;Default;Default;Default;Default;Default;Default;Default;Default;Default;Default;Default;Default;Default;Default;Default;Default;Default;Default;Default;Default;Default;Default;Default;Default;3;Default;1;Default;Default;Default;Default;Default;Default;Default;3;"ShortRun(IterationCount=3, LaunchCount=1, WarmupCount=3)";Mbs=10000;1;Workload;Result;3;12936032200;1;12936032200;0;0;0;2232
